ID,LEVEL,PRESTIGE,City,Gold,Food,Wood,Stone,Iron,Population,Time,Exp,Image,Icon,REQUIREMENT1,REQUIREMENT2,REQUIREMENT3,REQUIREMENT4,REQUIREMENT5,REQUIREMENT6,REQUIREMENT7,REQUIREMENT8,REQUIREMENT9,EFFECT1,EFFECT2,EFFECT3,EFFECT4,EFFECT5,EFFECT6,EFFECT7,EFFECT8,EFFECT9
INT,INT,STRING,INT,INT,INT,INT,INT,INT,INT,INT,INT,STRING,STRING,STRING,STRING,STRING,STRING,STRING,STRING,STRING,STRING,STRING,STRING,STRING,STRING,STRING,STRING,STRING,STRING,STRING,STRING
0,1,,11111,0,200,3000,2500,100,0,900,30,0_1_1,bi_0_big,0,0,0,0,0,0,0,0,0,4_13,3_1,0,0,17_3600,0,0,0,0
0,2,,11111,0,400,6000,5000,200,0,1200,60,0_1_1,bi_0_big,0,0,0,0,0,0,0,0,0,4_16,3_2,0,0,17_7200,0,0,0,0
0,3,,11111,0,800,12000,10000,400,0,3600,120,0_1_1,bi_0_big,1_19_1,0,0,0,0,0,0,0,0,4_19,3_3,0,0,17_14400,0,0,0,0
0,4,,11111,0,1600,24000,20000,800,0,7200,240,0_2_1,bi_0_big,1_19_2,0,0,0,0,0,0,0,0,4_22,3_4,0,0,17_28800,0,0,0,0
0,5,,11111,0,3200,48000,40000,1600,0,14400,480,0_2_1,bi_0_big,1_19_3,0,0,0,0,0,0,0,0,4_25,3_5,0,0,17_57600,0,0,0,0
0,6,,11111,0,6400,96000,80000,3200,0,28800,960,0_2_1,bi_0_big,1_19_4,0,0,0,0,0,0,0,0,4_28,3_6,0,0,17_115200,0,0,0,0
0,7,,11111,0,12800,192000,160000,6400,0,57600,1920,0_3_1,bi_0_big,1_19_5,0,0,0,0,0,0,0,0,4_31,3_7,0,0,17_230400,0,0,0,0
0,8,,11111,0,25600,384000,320000,12800,0,115200,3840,0_3_1,bi_0_big,1_19_6,0,0,0,0,0,0,0,0,4_34,3_8,0,0,17_460800,0,0,0,0
0,9,,11111,0,51200,768000,640000,25600,0,230400,7680,0_3_1,bi_0_big,1_19_7,0,0,0,0,0,0,0,0,4_37,3_9,0,0,17_921600,0,0,0,0
0,10,0_5_1,11111,0,102400,1536000,1280000,51200,0,460800,15360,0_4_1,bi_0_big,1_19_8,8_401_1,0,0,0,0,0,0,0,4_40,3_10,0,0,17_1843200,0,0,0,0
0,11,,11111,0,0,0,0,0,0,0,0,0_5_1,bi_0_big,1_19_9,8_4005_2,0,0,0,0,0,0,0,4_40,3_10,0,0,17_0,0,0,0,0
0,12,,11111,0,600,9000,7500,300,0,3600,30,0_5_1,bi_0_big,1_19_10,8_4005_10,0,0,0,0,0,0,0,4_40,3_10,0,0,17_14400,0,0,0,0
0,13,,11111,0,1200,18000,15000,600,0,7200,60,0_5_1,bi_0_big,1_19_11,8_4005_50,0,0,0,0,0,0,0,4_40,3_10,0,0,17_28800,0,0,0,0
0,14,,11111,0,2400,36000,30000,1200,0,14400,120,0_5_1,bi_0_big,1_19_12,8_4005_250,0,0,0,0,0,0,0,4_40,3_10,0,0,17_57600,0,0,0,0
0,15,,11111,0,4800,72000,60000,2400,0,28800,240,0_5_1,bi_0_big,1_19_13,8_4006_10,0,0,0,0,0,0,0,4_40,3_10,0,0,17_115200,0,0,0,0
0,16,,11111,0,9600,144000,120000,4800,0,57600,480,0_6_1,bi_0_big,1_19_14,8_4006_50,0,0,0,0,0,0,0,4_40,3_10,0,0,17_230400,0,0,0,0
0,17,,11111,0,19200,288000,240000,9600,0,115200,960,0_6_1,bi_0_big,1_19_15,8_4006_250,0,0,0,0,0,0,0,4_40,3_10,0,0,17_460800,0,0,0,0
0,18,,11111,0,38400,576000,480000,19200,0,230400,1920,0_6_1,bi_0_big,1_19_16,8_4007_10,0,0,0,0,0,0,0,4_40,3_10,0,0,17_921600,0,0,0,0
0,19,,11111,0,76800,1152000,960000,38400,0,460800,3840,0_6_1,bi_0_big,1_19_17,8_4007_50,0,0,0,0,0,0,0,4_40,3_10,0,0,17_1843200,0,0,0,0
0,20,,11111,0,153600,2304000,1920000,76800,0,921600,7680,0_6_1,bi_0_big,1_19_18,8_4007_250,0,0,0,0,0,0,0,4_40,3_10,0,0,17_3686400,0,0,0,0
0,21,,11111,0,307200,4608000,3840000,153600,0,1843200,15360,0_6_1,bi_0_big,1_19_19,8_402_1,0,0,0,0,0,0,0,4_40,3_10,0,0,17_7372800,0,0,0,0
1,1,,11111,0,50,300,200,150,0,5,1,1_1_1,bi_1,0,0,0,0,0,0,0,0,0,9_100,13_10,14_10000,0,17_20,0,0,0,0
1,2,,11111,0,100,600,400,300,0,30,2,1_1_1,bi_1,0,0,0,0,0,0,0,0,0,9_300,13_30,14_30000,0,17_120,0,0,0,0
1,3,,11111,0,200,1200,800,600,0,120,4,1_1_1,bi_1,0,0,0,0,0,0,0,0,0,9_600,13_60,14_60000,0,17_480,0,0,0,0
1,4,,11111,0,400,2400,1600,1200,0,240,8,1_1_1,bi_1,0,0,0,0,0,0,0,0,0,9_1000,13_100,14_100000,0,17_960,0,0,0,0
1,5,,11111,0,800,4800,3200,2400,0,480,16,1_1_1,bi_1,0,0,0,0,0,0,0,0,0,9_1500,13_150,14_150000,0,17_1920,0,0,0,0
1,6,,11111,0,1600,9600,6400,4800,0,960,32,1_1_1,bi_1,0,0,0,0,0,0,0,0,0,9_2100,13_210,14_210000,0,17_3840,0,0,0,0
1,7,,11111,0,3200,19200,12800,9600,0,1920,64,1_1_1,bi_1,0,0,0,0,0,0,0,0,0,9_2800,13_280,14_280000,0,17_7680,0,0,0,0
1,8,,11111,0,6400,38400,25600,19200,0,3840,128,1_1_1,bi_1,0,0,0,0,0,0,0,0,0,9_3600,13_360,14_360000,0,17_15360,0,0,0,0
1,9,,11111,0,12800,76800,51200,38400,0,7680,256,1_1_1,bi_1,0,0,0,0,0,0,0,0,0,9_4500,13_450,14_450000,0,17_30720,0,0,0,0
1,10,1_2_1,11111,0,25600,153600,102400,76800,0,15360,512,1_1_1,bi_1,8_401_1,0,0,0,0,0,0,0,0,9_5500,13_550,14_550000,0,17_61440,0,0,0,0
1,11,,11111,0,0,0,0,0,0,0,0,1_2_1,bi_1_p1,11_15,8_4005_2,0,0,0,0,0,0,0,9_5550,13_555,14_580000,0,17_0,0,0,0,0
1,12,,11111,0,250,1500,1000,750,0,90,1,1_2_1,bi_1_p1,,8_4005_10,0,0,0,0,0,0,0,9_5650,13_565,14_610000,0,17_360,0,0,0,0
1,13,,11111,0,500,3000,2000,1500,0,360,2,1_2_1,bi_1_p1,,8_4005_50,0,0,0,0,0,0,0,9_5800,13_580,14_640000,0,17_1440,0,0,0,0
1,14,,11111,0,1000,6000,4000,3000,0,720,4,1_2_1,bi_1_p1,,8_4005_250,0,0,0,0,0,0,0,9_6000,13_600,14_670000,0,17_2880,0,0,0,0
1,15,,11111,0,2000,12000,8000,6000,0,1440,8,1_2_1,bi_1_p1,,8_4006_10,0,0,0,0,0,0,0,9_6250,13_625,14_700000,0,17_5760,0,0,0,0
1,16,,11111,0,4000,24000,16000,12000,0,2880,16,1_2_1,bi_1_p1,,8_4006_50,0,0,0,0,0,0,0,9_6550,13_655,14_730000,0,17_11520,0,0,0,0
1,17,,11111,0,8000,48000,32000,24000,0,5760,32,1_2_1,bi_1_p1,,8_4006_250,0,0,0,0,0,0,0,9_6900,13_690,14_760000,0,17_23040,0,0,0,0
1,18,,11111,0,16000,96000,64000,48000,0,11520,64,1_2_1,bi_1_p1,,8_4007_10,0,0,0,0,0,0,0,9_7300,13_730,14_790000,0,17_46080,0,0,0,0
1,19,,11111,0,32000,192000,128000,96000,0,23040,128,1_2_1,bi_1_p1,,8_4007_50,0,0,0,0,0,0,0,9_7750,13_775,14_820000,0,17_92160,0,0,0,0
1,20,,11111,0,64000,384000,256000,192000,0,46080,256,1_2_1,bi_1_p1,,8_4007_250,0,0,0,0,0,0,0,9_8250,13_825,14_850000,0,17_184320,0,0,0,0
1,21,,11111,0,128000,768000,512000,384000,0,92160,512,1_2_1,bi_1_p1,8_402_1,,0,0,0,0,0,0,0,9_8800,13_880,14_880000,0,17_368640,0,0,0,0
2,1,,11111,0,100,100,250,300,0,5,1,2_1_1,bi_2,0,0,0,0,0,0,0,0,0,10_100,13_10,14_10000,0,17_20,0,0,0,0
2,2,,11111,0,200,200,500,600,0,45,2,2_1_1,bi_2,0,0,0,0,0,0,0,0,0,10_300,13_30,14_30000,0,17_180,0,0,0,0
2,3,,11111,0,400,400,1000,1200,0,180,6,2_1_1,bi_2,0,0,0,0,0,0,0,0,0,10_600,13_60,14_60000,0,17_720,0,0,0,0
2,4,,11111,0,800,800,2000,2400,0,360,12,2_1_1,bi_2,0,0,0,0,0,0,0,0,0,10_1000,13_100,14_100000,0,17_1440,0,0,0,0
2,5,,11111,0,1600,1600,4000,4800,0,720,24,2_1_1,bi_2,0,0,0,0,0,0,0,0,0,10_1500,13_150,14_150000,0,17_2880,0,0,0,0
2,6,,11111,0,3200,3200,8000,9600,0,1440,48,2_1_1,bi_2,0,0,0,0,0,0,0,0,0,10_2100,13_210,14_210000,0,17_5760,0,0,0,0
2,7,,11111,0,6400,6400,16000,19200,0,2880,96,2_1_1,bi_2,0,0,0,0,0,0,0,0,0,10_2800,13_280,14_280000,0,17_11520,0,0,0,0
2,8,,11111,0,12800,12800,32000,38400,0,5760,192,2_1_1,bi_2,0,0,0,0,0,0,0,0,0,10_3600,13_360,14_360000,0,17_23040,0,0,0,0
2,9,,11111,0,25600,25600,64000,76800,0,11520,384,2_1_1,bi_2,0,0,0,0,0,0,0,0,0,10_4500,13_450,14_450000,0,17_46080,0,0,0,0
2,10,2_2_1,11111,0,51200,51200,128000,153600,0,23040,768,2_1_1,bi_2,8_401_1,0,0,0,0,0,0,0,0,10_5500,13_550,14_550000,0,17_92160,0,0,0,0
2,11,,11111,0,0,0,0,0,0,0,0,2_2_1,bi_2_p1,11_15,8_4005_2,0,0,0,0,0,0,0,10_5550,13_555,14_580000,0,17_0,0,0,0,0
2,12,,11111,0,500,500,1250,1500,0,135,1,2_2_1,bi_2_p1,,8_4005_10,0,0,0,0,0,0,0,10_5650,13_565,14_610000,0,17_540,0,0,0,0
2,13,,11111,0,1000,1000,2500,3000,0,540,2,2_2_1,bi_2_p1,,8_4005_50,0,0,0,0,0,0,0,10_5800,13_580,14_640000,0,17_2160,0,0,0,0
2,14,,11111,0,2000,2000,5000,6000,0,1080,6,2_2_1,bi_2_p1,,8_4005_250,0,0,0,0,0,0,0,10_6000,13_600,14_670000,0,17_4320,0,0,0,0
2,15,,11111,0,4000,4000,10000,12000,0,2160,12,2_2_1,bi_2_p1,,8_4006_10,0,0,0,0,0,0,0,10_6250,13_625,14_700000,0,17_8640,0,0,0,0
2,16,,11111,0,8000,8000,20000,24000,0,4320,24,2_2_1,bi_2_p1,,8_4006_50,0,0,0,0,0,0,0,10_6550,13_655,14_730000,0,17_17280,0,0,0,0
2,17,,11111,0,16000,16000,40000,48000,0,8640,48,2_2_1,bi_2_p1,,8_4006_250,0,0,0,0,0,0,0,10_6900,13_690,14_760000,0,17_34560,0,0,0,0
2,18,,11111,0,32000,32000,80000,96000,0,17280,96,2_2_1,bi_2_p1,,8_4007_10,0,0,0,0,0,0,0,10_7300,13_730,14_790000,0,17_69120,0,0,0,0
2,19,,11111,0,64000,64000,160000,192000,0,34560,192,2_2_1,bi_2_p1,,8_4007_50,0,0,0,0,0,0,0,10_7750,13_775,14_820000,0,17_138240,0,0,0,0
2,20,,11111,0,128000,128000,320000,384000,0,69120,384,2_2_1,bi_2_p1,,8_4007_250,0,0,0,0,0,0,0,10_8250,13_825,14_850000,0,17_276480,0,0,0,0
2,21,,11111,0,256000,256000,640000,768000,0,138240,768,2_2_1,bi_2_p1,8_402_1,,0,0,0,0,0,0,0,10_8800,13_880,14_880000,0,17_552960,0,0,0,0
3,1,,11111,0,180,500,150,400,0,5,1,3_1_1,bi_3,0,0,0,0,0,0,0,0,0,11_100,13_10,14_10000,0,17_20,0,0,0,0
3,2,,11111,0,360,1000,300,800,0,45,2,3_1_1,bi_3,0,0,0,0,0,0,0,0,0,11_300,13_30,14_30000,0,17_180,0,0,0,0
3,3,,11111,0,720,2000,600,1600,0,240,8,3_1_1,bi_3,0,0,0,0,0,0,0,0,0,11_600,13_60,14_60000,0,17_960,0,0,0,0
3,4,,11111,0,1440,4000,1200,3200,0,480,16,3_1_1,bi_3,0,0,0,0,0,0,0,0,0,11_1000,13_100,14_100000,0,17_1920,0,0,0,0
3,5,,11111,0,2880,8000,2400,6400,0,960,32,3_1_1,bi_3,0,0,0,0,0,0,0,0,0,11_1500,13_150,14_150000,0,17_3840,0,0,0,0
3,6,,11111,0,5760,16000,4800,12800,0,1920,64,3_1_1,bi_3,0,0,0,0,0,0,0,0,0,11_2100,13_210,14_210000,0,17_7680,0,0,0,0
3,7,,11111,0,11520,32000,9600,25600,0,3840,128,3_1_1,bi_3,0,0,0,0,0,0,0,0,0,11_2800,13_280,14_280000,0,17_15360,0,0,0,0
3,8,,11111,0,23040,64000,19200,51200,0,7680,256,3_1_1,bi_3,0,0,0,0,0,0,0,0,0,11_3600,13_360,14_360000,0,17_30720,0,0,0,0
3,9,,11111,0,46080,128000,38400,102400,0,15360,512,3_1_1,bi_3,0,0,0,0,0,0,0,0,0,11_4500,13_450,14_450000,0,17_61440,0,0,0,0
3,10,3_2_1,11111,0,92160,256000,76800,204800,0,30720,1024,3_1_1,bi_3,8_401_1,0,0,0,0,0,0,0,0,11_5500,13_550,14_550000,0,17_122880,0,0,0,0
3,11,,11111,0,0,0,0,0,0,0,0,3_2_1,bi_3_p1,11_15,8_4005_2,0,0,0,0,0,0,0,11_5550,13_555,14_580000,0,17_0,0,0,0,0
3,12,,11111,0,900,2500,750,2000,0,135,1,3_2_1,bi_3_p1,,8_4005_10,0,0,0,0,0,0,0,11_5650,13_565,14_610000,0,17_540,0,0,0,0
3,13,,11111,0,1800,5000,1500,4000,0,720,2,3_2_1,bi_3_p1,,8_4005_50,0,0,0,0,0,0,0,11_5800,13_580,14_640000,0,17_2880,0,0,0,0
3,14,,11111,0,3600,10000,3000,8000,0,1440,8,3_2_1,bi_3_p1,,8_4005_250,0,0,0,0,0,0,0,11_6000,13_600,14_670000,0,17_5760,0,0,0,0
3,15,,11111,0,7200,20000,6000,16000,0,2880,16,3_2_1,bi_3_p1,,8_4006_10,0,0,0,0,0,0,0,11_6250,13_625,14_700000,0,17_11520,0,0,0,0
3,16,,11111,0,14400,40000,12000,32000,0,5760,32,3_2_1,bi_3_p1,,8_4006_50,0,0,0,0,0,0,0,11_6550,13_655,14_730000,0,17_23040,0,0,0,0
3,17,,11111,0,28800,80000,24000,64000,0,11520,64,3_2_1,bi_3_p1,,8_4006_250,0,0,0,0,0,0,0,11_6900,13_690,14_760000,0,17_46080,0,0,0,0
3,18,,11111,0,57600,160000,48000,128000,0,23040,128,3_2_1,bi_3_p1,,8_4007_10,0,0,0,0,0,0,0,11_7300,13_730,14_790000,0,17_92160,0,0,0,0
3,19,,11111,0,115200,320000,96000,256000,0,46080,256,3_2_1,bi_3_p1,,8_4007_50,0,0,0,0,0,0,0,11_7750,13_775,14_820000,0,17_184320,0,0,0,0
3,20,,11111,0,230400,640000,192000,512000,0,92160,512,3_2_1,bi_3_p1,,8_4007_250,0,0,0,0,0,0,0,11_8250,13_825,14_850000,0,17_368640,0,0,0,0
3,21,,11111,0,460800,1280000,384000,1024000,0,184320,1024,3_2_1,bi_3_p1,8_402_1,,0,0,0,0,0,0,0,11_8800,13_880,14_880000,0,17_737280,0,0,0,0
4,1,,11111,0,210,600,500,200,0,5,1,4_1_1,bi_4,0,0,0,0,0,0,0,0,0,12_100,13_10,14_10000,0,17_20,0,0,0,0
4,2,,11111,0,420,1200,1000,400,0,90,3,4_1_1,bi_4,0,0,0,0,0,0,0,0,0,12_300,13_30,14_30000,0,17_360,0,0,0,0
4,3,,11111,0,840,2400,2000,800,0,360,12,4_1_1,bi_4,0,0,0,0,0,0,0,0,0,12_600,13_60,14_60000,0,17_1440,0,0,0,0
4,4,,11111,0,1680,4800,4000,1600,0,720,24,4_1_1,bi_4,0,0,0,0,0,0,0,0,0,12_1000,13_100,14_100000,0,17_2880,0,0,0,0
4,5,,11111,0,3360,9600,8000,3200,0,1440,48,4_1_1,bi_4,0,0,0,0,0,0,0,0,0,12_1500,13_150,14_150000,0,17_5760,0,0,0,0
4,6,,11111,0,6720,19200,16000,6400,0,2880,96,4_1_1,bi_4,0,0,0,0,0,0,0,0,0,12_2100,13_210,14_210000,0,17_11520,0,0,0,0
4,7,,11111,0,13440,38400,32000,12800,0,5760,192,4_1_1,bi_4,0,0,0,0,0,0,0,0,0,12_2800,13_280,14_280000,0,17_23040,0,0,0,0
4,8,,11111,0,26880,76800,64000,25600,0,11520,384,4_1_1,bi_4,0,0,0,0,0,0,0,0,0,12_3600,13_360,14_360000,0,17_46080,0,0,0,0
4,9,,11111,0,53760,153600,128000,51200,0,23040,768,4_1_1,bi_4,0,0,0,0,0,0,0,0,0,12_4500,13_450,14_450000,0,17_92160,0,0,0,0
4,10,4_2_1,11111,0,107520,307200,256000,102400,0,46080,1536,4_1_1,bi_4,8_401_1,0,0,0,0,0,0,0,0,12_5500,13_550,14_550000,0,17_184320,0,0,0,0
4,11,,11111,0,0,0,0,0,0,0,0,4_2_1,bi_4_p1,11_15,8_4005_2,0,0,0,0,0,0,0,12_5550,13_555,14_580000,0,17_0,0,0,0,0
4,12,,11111,0,1050,3000,2500,1000,0,270,1,4_2_1,bi_4_p1,,8_4005_10,0,0,0,0,0,0,0,12_5650,13_565,14_610000,0,17_1080,0,0,0,0
4,13,,11111,0,2100,6000,5000,2000,0,1080,3,4_2_1,bi_4_p1,,8_4005_50,0,0,0,0,0,0,0,12_5800,13_580,14_640000,0,17_4320,0,0,0,0
4,14,,11111,0,4200,12000,10000,4000,0,2160,12,4_2_1,bi_4_p1,,8_4005_250,0,0,0,0,0,0,0,12_6000,13_600,14_670000,0,17_8640,0,0,0,0
4,15,,11111,0,8400,24000,20000,8000,0,4320,24,4_2_1,bi_4_p1,,8_4006_10,0,0,0,0,0,0,0,12_6250,13_625,14_700000,0,17_17280,0,0,0,0
4,16,,11111,0,16800,48000,40000,16000,0,8640,48,4_2_1,bi_4_p1,,8_4006_50,0,0,0,0,0,0,0,12_6550,13_655,14_730000,0,17_34560,0,0,0,0
4,17,,11111,0,33600,96000,80000,32000,0,17280,96,4_2_1,bi_4_p1,,8_4006_250,0,0,0,0,0,0,0,12_6900,13_690,14_760000,0,17_69120,0,0,0,0
4,18,,11111,0,67200,192000,160000,64000,0,34560,192,4_2_1,bi_4_p1,,8_4007_10,0,0,0,0,0,0,0,12_7300,13_730,14_790000,0,17_138240,0,0,0,0
4,19,,11111,0,134400,384000,320000,128000,0,69120,384,4_2_1,bi_4_p1,,8_4007_50,0,0,0,0,0,0,0,12_7750,13_775,14_820000,0,17_276480,0,0,0,0
4,20,,11111,0,268800,768000,640000,256000,0,138240,768,4_2_1,bi_4_p1,,8_4007_250,0,0,0,0,0,0,0,12_8250,13_825,14_850000,0,17_552960,0,0,0,0
4,21,,11111,0,537600,1536000,1280000,512000,0,276480,1536,4_2_1,bi_4_p1,8_402_1,,0,0,0,0,0,0,0,12_8800,13_880,14_880000,0,17_1105920,0,0,0,0
5,1,,11111,0,100,500,100,50,0,5,1,5_1_1,bi_5,0,0,0,0,0,0,0,0,0,2_100,0,0,0,17_20,0,0,0,0
5,2,,11111,0,200,1000,200,100,0,30,2,5_1_1,bi_5,1_0_1,0,0,0,0,0,0,0,0,2_300,0,0,0,17_120,0,0,0,0
5,3,,11111,0,400,2000,400,200,0,120,4,5_1_1,bi_5,1_0_2,0,0,0,0,0,0,0,0,2_600,0,0,0,17_480,0,0,0,0
5,4,,11111,0,800,4000,800,400,0,240,8,5_2_1,bi_5,1_0_3,0,0,0,0,0,0,0,0,2_1000,0,0,0,17_960,0,0,0,0
5,5,,11111,0,1600,8000,1600,800,0,480,16,5_2_1,bi_5,1_0_4,0,0,0,0,0,0,0,0,2_1500,0,0,0,17_1920,0,0,0,0
5,6,,11111,0,3200,16000,3200,1600,0,960,32,5_2_1,bi_5,1_0_5,0,0,0,0,0,0,0,0,2_2100,0,0,0,17_3840,0,0,0,0
5,7,,11111,0,6400,32000,6400,3200,0,1920,64,5_3_1,bi_5,1_0_6,0,0,0,0,0,0,0,0,2_2800,0,0,0,17_7680,0,0,0,0
5,8,,11111,0,12800,64000,12800,6400,0,3840,128,5_3_1,bi_5,1_0_7,0,0,0,0,0,0,0,0,2_3600,0,0,0,17_15360,0,0,0,0
5,9,,11111,0,25600,128000,25600,12800,0,7680,256,5_3_1,bi_5,1_0_8,0,0,0,0,0,0,0,0,2_4500,0,0,0,17_30720,0,0,0,0
5,10,5_5_1,11111,0,51200,256000,51200,25600,0,15360,512,5_4_1,bi_5,1_0_9,8_401_1,0,0,0,0,0,0,0,2_5500,0,0,0,17_61440,0,0,0,0
5,11,,11111,0,0,0,0,0,0,0,0,5_5_1,bi_5_p1,1_0_11,,8_4005_2,0,0,0,0,0,0,2_5550,0,0,0,17_0,0,0,0,0
5,12,,11111,0,500,2500,500,250,0,90,1,5_5_1,bi_5_p1,1_0_12,,8_4005_10,0,0,0,0,0,0,2_5650,0,0,0,17_360,0,0,0,0
5,13,,11111,0,1000,5000,1000,500,0,360,2,5_5_1,bi_5_p1,1_0_13,,8_4005_50,0,0,0,0,0,0,2_5800,0,0,0,17_1440,0,0,0,0
5,14,,11111,0,2000,10000,2000,1000,0,720,4,5_5_1,bi_5_p1,1_0_14,,8_4005_250,0,0,0,0,0,0,2_6000,0,0,0,17_2880,0,0,0,0
5,15,,11111,0,4000,20000,4000,2000,0,1440,8,5_5_1,bi_5_p1,1_0_15,,8_4006_10,0,0,0,0,0,0,2_6250,0,0,0,17_5760,0,0,0,0
5,16,,11111,0,8000,40000,8000,4000,0,2880,16,5_6_1,bi_5_p1,1_0_16,,8_4006_50,0,0,0,0,0,0,2_6550,0,0,0,17_11520,0,0,0,0
5,17,,11111,0,16000,80000,16000,8000,0,5760,32,5_6_1,bi_5_p1,1_0_17,,8_4006_250,0,0,0,0,0,0,2_6900,0,0,0,17_23040,0,0,0,0
5,18,,11111,0,32000,160000,32000,16000,0,11520,64,5_6_1,bi_5_p1,1_0_18,,8_4007_10,0,0,0,0,0,0,2_7300,0,0,0,17_46080,0,0,0,0
5,19,,11111,0,64000,320000,64000,32000,0,23040,128,5_6_1,bi_5_p1,1_0_19,,8_4007_50,0,0,0,0,0,0,2_7750,0,0,0,17_92160,0,0,0,0
5,20,,11111,0,128000,640000,128000,64000,0,46080,256,5_6_1,bi_5_p1,1_0_20,,8_4007_250,0,0,0,0,0,0,2_8250,0,0,0,17_184320,0,0,0,0
5,21,,11111,0,256000,1280000,256000,128000,0,92160,512,5_6_1,bi_5_p1,1_0_21,8_402_1,,0,0,0,0,0,0,2_8800,0,0,0,17_368640,0,0,0,0
7,1,,11111,0,400,2500,1200,700,0,30,37,7_1_1,bi_7,11_3,0,0,0,0,0,0,0,0,0,0,0,0,17_1440,0,0,0,0
7,2,,11111,0,800,5000,2400,1400,0,720,24,7_1_1,bi_7,11_3,0,0,0,0,0,0,0,0,0,0,0,0,17_2880,0,0,0,0
7,3,,11111,0,1600,10000,4800,2800,0,1440,48,7_1_1,bi_7,11_3,0,0,0,0,0,0,0,0,0,0,0,0,17_5760,0,0,0,0
7,4,,11111,0,3200,20000,9600,5600,0,2880,96,7_1_1,bi_7,11_3,0,0,0,0,0,0,0,0,0,0,0,0,17_11520,0,0,0,0
7,5,,11111,0,6400,40000,19200,11200,0,5760,192,7_1_1,bi_7,11_3,0,0,0,0,0,0,0,0,0,0,0,0,17_23040,0,0,0,0
7,6,,11111,0,12800,80000,38400,22400,0,11520,384,7_2_1,bi_7,11_3,0,0,0,0,0,0,0,0,0,0,0,0,17_46080,0,0,0,0
7,7,,11111,0,25600,160000,76800,44800,0,23040,768,7_2_1,bi_7,11_3,0,0,0,0,0,0,0,0,0,0,0,0,17_92160,0,0,0,0
7,8,,11111,0,51200,320000,153600,89600,0,46080,1536,7_2_1,bi_7,11_3,0,0,0,0,0,0,0,0,0,0,0,0,17_184320,0,0,0,0
7,9,,11111,0,102400,640000,307200,179200,0,92160,3072,7_2_1,bi_7,11_3,0,0,0,0,0,0,0,0,0,0,0,0,17_368640,0,0,0,0
7,10,,11111,0,204800,1280000,614400,358400,0,184320,6144,7_3_1,bi_7,11_3,8_401_1,0,0,0,0,0,0,0,0,0,0,0,17_737280,0,0,0,0
8,1,,11111,0,200,2000,500,300,0,30,1,8_1_1,bi_8,11_3,0,0,0,0,0,0,0,0,0,0,0,0,17_120,0,0,0,0
8,2,,11111,0,400,4000,1000,600,0,1440,48,8_1_1,bi_8,11_3,0,0,0,0,0,0,0,0,0,0,0,0,17_5760,0,0,0,0
8,3,,11111,0,800,8000,2000,1200,0,2880,96,8_1_1,bi_8,11_3,0,0,0,0,0,0,0,0,0,0,0,0,17_11520,0,0,0,0
8,4,,11111,0,1600,16000,4000,2400,0,5760,192,8_1_1,bi_8,11_3,0,0,0,0,0,0,0,0,0,0,0,0,17_23040,0,0,0,0
8,5,,11111,0,3200,32000,8000,4800,0,11520,384,8_1_1,bi_8,11_3,0,0,0,0,0,0,0,0,0,0,0,0,17_46080,0,0,0,0
8,6,,11111,0,6400,64000,16000,9600,0,23040,768,8_2_1,bi_8,11_3,0,0,0,0,0,0,0,0,0,0,0,0,17_92160,0,0,0,0
8,7,,11111,0,12800,128000,32000,19200,0,46080,1536,8_2_1,bi_8,11_3,0,0,0,0,0,0,0,0,0,0,0,0,17_184320,0,0,0,0
8,8,,11111,0,25600,256000,64000,38400,0,92160,3072,8_2_1,bi_8,11_3,0,0,0,0,0,0,0,0,0,0,0,0,17_368640,0,0,0,0
8,9,,11111,0,51200,512000,128000,76800,0,184320,6144,8_2_1,bi_8,11_3,0,0,0,0,0,0,0,0,0,0,0,0,17_737280,0,0,0,0
8,10,,11111,0,102400,1024000,256000,153600,0,368640,12288,8_3_1,bi_8,11_3,8_401_1,0,0,0,0,0,0,0,0,0,0,0,17_1474560,0,0,0,0
9,1,,11111,0,100,1500,1000,300,0,600,20,9_1_1,bi_9,11_4,0,0,0,0,0,0,0,0,1_100000,20_1000,0,0,17_2400,0,0,0,0
9,2,,11111,0,200,3000,2000,600,0,1200,40,9_1_1,bi_9,11_4,0,0,0,0,0,0,0,0,1_200000,20_1500,0,0,17_4800,0,0,0,0
9,3,,11111,0,400,6000,4000,1200,0,2400,80,9_1_1,bi_9,11_4,0,0,0,0,0,0,0,0,1_300000,20_2000,0,0,17_9600,0,0,0,0
9,4,,11111,0,800,12000,8000,2400,0,4800,160,9_1_1,bi_9,11_4,0,0,0,0,0,0,0,0,1_400000,20_2500,0,0,17_19200,0,0,0,0
9,5,,11111,0,1600,24000,16000,4800,0,9600,320,9_1_1,bi_9,11_4,0,0,0,0,0,0,0,0,1_500000,20_3000,0,0,17_38400,0,0,0,0
9,6,,11111,0,3200,48000,32000,9600,0,19200,640,9_2_1,bi_9,11_4,0,0,0,0,0,0,0,0,1_600000,20_3500,0,0,17_76800,0,0,0,0
9,7,,11111,0,6400,96000,64000,19200,0,38400,1280,9_2_1,bi_9,11_4,0,0,0,0,0,0,0,0,1_700000,20_4000,0,0,17_153600,0,0,0,0
9,8,,11111,0,12800,192000,128000,38400,0,76800,2560,9_2_1,bi_9,11_4,0,0,0,0,0,0,0,0,1_800000,20_4500,0,0,17_307200,0,0,0,0
9,9,,11111,0,25600,384000,256000,76800,0,153600,5120,9_2_1,bi_9,11_4,0,0,0,0,0,0,0,0,1_900000,20_5000,0,0,17_614400,0,0,0,0
9,10,9_4_1,11111,0,51200,768000,512000,153600,0,307200,10240,9_3_1,bi_9,11_4,8_401_1,0,0,0,0,0,0,0,1_1000000,20_5500,0,0,17_1228800,0,0,0,0
9,11,,11111,0,0,0,0,0,0,0,0,9_4_1,bi_9_p1,11_15,8_4005_2,0,0,0,0,0,0,0,1_1100000,20_6000,0,0,17_0,0,0,0,0
9,12,,11111,0,500,7500,5000,1500,0,3600,20,9_4_1,bi_9_p1,11_15,8_4005_10,0,0,0,0,0,0,0,1_1200000,20_6500,0,0,17_14400,0,0,0,0
9,13,,11111,0,1000,15000,10000,3000,0,7200,40,9_4_1,bi_9_p1,11_15,8_4005_50,0,0,0,0,0,0,0,1_1300000,20_7000,0,0,17_28800,0,0,0,0
9,14,,11111,0,2000,30000,20000,6000,0,14400,80,9_4_1,bi_9_p1,11_15,8_4005_250,0,0,0,0,0,0,0,1_1400000,20_7500,0,0,17_57600,0,0,0,0
9,15,,11111,0,4000,60000,40000,12000,0,28800,160,9_4_1,bi_9_p1,11_15,8_4006_10,0,0,0,0,0,0,0,1_1500000,20_8000,0,0,17_115200,0,0,0,0
9,16,,11111,0,8000,120000,80000,24000,0,57600,320,9_5_1,bi_9_p1,11_15,8_4006_50,0,0,0,0,0,0,0,1_1600000,20_8500,0,0,17_230400,0,0,0,0
9,17,,11111,0,16000,240000,160000,48000,0,115200,640,9_5_1,bi_9_p1,11_15,8_4006_250,0,0,0,0,0,0,0,1_1700000,20_9000,0,0,17_460800,0,0,0,0
9,18,,11111,0,32000,480000,320000,96000,0,230400,1280,9_5_1,bi_9_p1,11_15,8_4007_10,0,0,0,0,0,0,0,1_1800000,20_9500,0,0,17_921600,0,0,0,0
9,19,,11111,0,64000,960000,640000,192000,0,460800,2560,9_5_1,bi_9_p1,11_15,8_4007_50,0,0,0,0,0,0,0,1_1900000,20_10000,0,0,17_1843200,0,0,0,0
9,20,,11111,0,128000,1920000,1280000,384000,0,921600,5120,9_5_1,bi_9_p1,11_15,8_4007_250,0,0,0,0,0,0,0,1_2000000,20_10500,0,0,17_3686400,0,0,0,0
9,21,,11111,0,256000,3840000,2560000,768000,0,1843200,10240,9_5_1,bi_9_p1,11_15,8_402_1,0,0,0,0,0,0,0,1_2200000,20_11000,0,0,17_7372800,0,0,0,0
11,1,,11111,0,120,2500,1500,200,0,15,1,11_1_1,bi_11,11_2,0,0,0,0,0,0,0,0,0,0,0,0,17_60,0,0,0,0
11,2,,11111,0,240,5000,3000,400,0,960,32,11_1_1,bi_11,11_2,0,0,0,0,0,0,0,0,0,0,0,0,17_3840,0,0,0,0
11,3,,11111,0,480,10000,6000,800,0,1920,64,11_1_1,bi_11,11_2,0,0,0,0,0,0,0,0,0,0,0,0,17_7680,0,0,0,0
11,4,,11111,0,960,20000,12000,1600,0,3840,128,11_2_1,bi_11,11_2,0,0,0,0,0,0,0,0,0,0,0,0,17_15360,0,0,0,0
11,5,,11111,0,1920,40000,24000,3200,0,7680,256,11_2_1,bi_11,11_2,0,0,0,0,0,0,0,0,0,0,0,0,17_30720,0,0,0,0
11,6,,11111,0,3840,80000,48000,6400,0,15360,512,11_2_1,bi_11,11_2,0,0,0,0,0,0,0,0,0,0,0,0,17_61440,0,0,0,0
11,7,,11111,0,7680,160000,96000,12800,0,30720,1024,11_3_1,bi_11,11_2,0,0,0,0,0,0,0,0,0,0,0,0,17_122880,0,0,0,0
11,8,,11111,0,15360,320000,192000,25600,0,61440,2048,11_3_1,bi_11,11_2,0,0,0,0,0,0,0,0,0,0,0,0,17_245760,0,0,0,0
11,9,,11111,0,30720,640000,384000,51200,0,122880,4096,11_3_1,bi_11,11_2,0,0,0,0,0,0,0,0,0,0,0,0,17_491520,0,0,0,0
11,10,,11111,0,61440,1280000,768000,102400,0,245760,8192,11_4_1,bi_11,11_2,8_401_1,0,0,0,0,0,0,0,0,0,0,0,17_983040,0,0,0,0
12,1,,11111,0,100,600,2000,250,0,25,30,12_1_1,bi_12,11_3,0,0,0,0,0,0,0,0,8_10000,15_1,0,0,17_600,0,0,0,0
12,2,,11111,0,200,1200,4000,500,0,300,10,12_1_1,bi_12,11_3,0,0,0,0,0,0,0,0,8_20000,15_2,0,0,17_1200,0,0,0,0
12,3,,11111,0,400,2400,8000,1000,0,600,20,12_1_1,bi_12,11_3,0,0,0,0,0,0,0,0,8_30000,15_3,0,0,17_2400,0,0,0,0
12,4,,11111,0,800,4800,16000,2000,0,1200,40,12_1_1,bi_12,11_3,0,0,0,0,0,0,0,0,8_40000,15_4,0,0,17_4800,0,0,0,0
12,5,,11111,0,1600,9600,32000,4000,0,2400,80,12_1_1,bi_12,11_3,0,0,0,0,0,0,0,0,8_50000,15_5,0,0,17_9600,0,0,0,0
12,6,,11111,0,3200,19200,64000,8000,0,4800,160,12_2_1,bi_12,11_3,0,0,0,0,0,0,0,0,8_60000,15_6,0,0,17_19200,0,0,0,0
12,7,,11111,0,6400,38400,128000,16000,0,9600,320,12_2_1,bi_12,11_3,0,0,0,0,0,0,0,0,8_70000,15_7,0,0,17_38400,0,0,0,0
12,8,,11111,0,12800,76800,256000,32000,0,19200,640,12_2_1,bi_12,11_3,0,0,0,0,0,0,0,0,8_80000,15_8,0,0,17_76800,0,0,0,0
12,9,,11111,0,25600,153600,512000,64000,0,38400,1280,12_2_1,bi_12,11_3,0,0,0,0,0,0,0,0,8_90000,15_9,0,0,17_153600,0,0,0,0
12,10,12_4_1,11111,0,51200,307200,1024000,128000,0,76800,2560,12_3_1,bi_12,11_3,8_401_1,0,0,0,0,0,0,0,8_100000,15_10,0,0,17_307200,0,0,0,0
12,11,,11111,0,0,0,0,0,0,0,0,12_4_1,bi_12_p1,11_15,8_4005_2,0,0,0,0,0,0,0,8_102000,15_10,0,0,17_0,0,0,0,0
12,12,,11111,0,500,3000,10000,1250,0,900,5,12_4_1,bi_12_p1,11_15,8_4005_10,0,0,0,0,0,0,0,8_104000,15_10,0,0,17_3600,0,0,0,0
12,13,,11111,0,1000,6000,20000,2500,0,1800,10,12_4_1,bi_12_p1,11_15,8_4005_50,0,0,0,0,0,0,0,8_106000,15_10,0,0,17_7200,0,0,0,0
12,14,,11111,0,2000,12000,40000,5000,0,3600,20,12_4_1,bi_12_p1,11_15,8_4005_250,0,0,0,0,0,0,0,8_108000,15_10,0,0,17_14400,0,0,0,0
12,15,,11111,0,4000,24000,80000,10000,0,7200,40,12_4_1,bi_12_p1,11_15,8_4006_10,0,0,0,0,0,0,0,8_110000,15_10,0,0,17_28800,0,0,0,0
12,16,,11111,0,8000,48000,160000,20000,0,14400,80,12_4_1,bi_12_p1,11_15,8_4006_50,0,0,0,0,0,0,0,8_112000,15_10,0,0,17_57600,0,0,0,0
12,17,,11111,0,16000,96000,320000,40000,0,28800,160,12_4_1,bi_12_p1,11_15,8_4006_250,0,0,0,0,0,0,0,8_114000,15_10,0,0,17_115200,0,0,0,0
12,18,,11111,0,32000,192000,640000,80000,0,57600,320,12_4_1,bi_12_p1,11_15,8_4007_10,0,0,0,0,0,0,0,8_116000,15_10,0,0,17_230400,0,0,0,0
12,19,,11111,0,64000,384000,1280000,160000,0,115200,640,12_4_1,bi_12_p1,11_15,8_4007_50,0,0,0,0,0,0,0,8_118000,15_10,0,0,17_460800,0,0,0,0
12,20,,11111,0,128000,768000,2560000,320000,0,230400,1280,12_4_1,bi_12_p1,11_15,8_4007_250,0,0,0,0,0,0,0,8_120000,15_10,0,0,17_921600,0,0,0,0
12,21,,11111,0,256000,1536000,5120000,640000,0,460800,2560,12_4_1,bi_12_p1,0,8_402_1,0,0,0,0,0,0,0,8_122000,15_10,0,0,17_1843200,0,0,0,0
13,1,,11111,0,250,1200,1500,500,0,20,10,13_1_1,bi_13,11_2,0,0,0,0,0,0,0,0,5_1,0,0,0,17_1200,0,0,0,0
13,2,,11111,0,500,2400,3000,1000,0,60,20,13_1_1,bi_13,11_2,0,0,0,0,0,0,0,0,5_1,0,0,0,17_2400,0,0,0,0
13,3,,11111,0,1000,4800,6000,2000,0,1200,40,13_1_1,bi_13,11_2,0,0,0,0,0,0,0,0,5_1,0,0,0,17_4800,0,0,0,0
13,4,,11111,0,2000,9600,12000,4000,0,2400,80,13_1_1,bi_13,11_2,0,0,0,0,0,0,0,0,5_1,0,0,0,17_9600,0,0,0,0
13,5,,11111,0,4000,19200,24000,8000,0,4800,160,13_1_1,bi_13,11_2,0,0,0,0,0,0,0,0,5_1,0,0,0,17_19200,0,0,0,0
13,6,,11111,0,8000,38400,48000,16000,0,9600,320,13_2_1,bi_13,11_2,0,0,0,0,0,0,0,0,5_1,0,0,0,17_38400,0,0,0,0
13,7,,11111,0,16000,76800,96000,32000,0,19200,640,13_2_1,bi_13,11_2,0,0,0,0,0,0,0,0,5_1,0,0,0,17_76800,0,0,0,0
13,8,,11111,0,32000,153600,192000,64000,0,38400,1280,13_2_1,bi_13,11_2,0,0,0,0,0,0,0,0,5_1,0,0,0,17_153600,0,0,0,0
13,9,,11111,0,64000,307200,384000,128000,0,76800,2560,13_2_1,bi_13,11_2,0,0,0,0,0,0,0,0,5_1,0,0,0,17_307200,0,0,0,0
13,10,13_4_1,11111,0,128000,614400,768000,256000,0,153600,5120,13_3_1,bi_13,11_2,8_401_1,0,0,0,0,0,0,0,5_1,0,0,0,17_614400,0,0,0,0
13,11,,11111,0,0,0,0,0,0,0,0,13_4_1,bi_13_p1,11_15,0,8_4005_2,0,0,0,0,0,0,5_99,0,0,0,17_0,0,0,0,0
13,12,,11111,0,1250,6000,7500,2500,0,1800,10,13_4_1,bi_13_p1,11_15,0,8_4005_10,0,0,0,0,0,0,5_99,0,0,0,17_7200,0,0,0,0
13,13,,11111,0,2500,12000,15000,5000,0,3600,20,13_4_1,bi_13_p1,11_15,0,8_4005_50,0,0,0,0,0,0,5_99,0,0,0,17_14400,0,0,0,0
13,14,,11111,0,5000,24000,30000,10000,0,7200,40,13_4_1,bi_13_p1,11_15,0,8_4005_250,0,0,0,0,0,0,5_99,0,0,0,17_28800,0,0,0,0
13,15,,11111,0,10000,48000,60000,20000,0,14400,80,13_4_1,bi_13_p1,11_15,0,8_4006_10,0,0,0,0,0,0,5_99,0,0,0,17_57600,0,0,0,0
13,16,,11111,0,20000,96000,120000,40000,0,28800,160,13_5_1,bi_13_p1,11_15,0,8_4006_50,0,0,0,0,0,0,5_99,0,0,0,17_115200,0,0,0,0
13,17,,11111,0,40000,192000,240000,80000,0,57600,320,13_5_1,bi_13_p1,11_15,0,8_4006_250,0,0,0,0,0,0,5_99,0,0,0,17_230400,0,0,0,0
13,18,,11111,0,80000,384000,480000,160000,0,115200,640,13_5_1,bi_13_p1,11_15,0,8_4007_10,0,0,0,0,0,0,5_99,0,0,0,17_460800,0,0,0,0
13,19,,11111,0,160000,768000,960000,320000,0,230400,1280,13_5_1,bi_13_p1,11_15,0,8_4007_50,0,0,0,0,0,0,5_99,0,0,0,17_921600,0,0,0,0
13,20,,11111,0,320000,1536000,1920000,640000,0,460800,2560,13_5_1,bi_13_p1,11_15,0,8_4007_250,0,0,0,0,0,0,5_99,0,0,0,17_1843200,0,0,0,0
13,21,,11111,0,640000,3072000,3840000,1280000,0,921600,5120,13_5_1,bi_13_p1,11_15,8_402_1,,0,0,0,0,0,0,5_99,0,0,0,17_3686400,0,0,0,0
14,1,,11111,0,150,1000,3000,300,0,300,10,14_1_1,bi_14,1_13_2,11_3,0,0,0,0,0,0,0,0,0,0,0,17_1200,0,0,0,0
14,2,,11111,0,300,2000,6000,600,0,600,20,14_1_1,bi_14,1_13_2,11_4,0,0,0,0,0,0,0,0,0,0,0,17_2400,0,0,0,0
14,3,,11111,0,600,4000,12000,1200,0,1200,40,14_1_1,bi_14,1_13_2,11_4,0,0,0,0,0,0,0,0,0,0,0,17_4800,0,0,0,0
14,4,,11111,0,1200,8000,24000,2400,0,2400,80,14_2_1,bi_14,1_13_2,11_4,0,0,0,0,0,0,0,0,0,0,0,17_9600,0,0,0,0
14,5,,11111,0,2400,16000,48000,4800,0,4800,160,14_2_1,bi_14,1_13_2,11_4,0,0,0,0,0,0,0,0,0,0,0,17_19200,0,0,0,0
14,6,,11111,0,4800,32000,96000,9600,0,9600,320,14_2_1,bi_14,1_13_2,11_4,0,0,0,0,0,0,0,0,0,0,0,17_38400,0,0,0,0
14,7,,11111,0,9600,64000,192000,19200,0,19200,640,14_3_1,bi_14,1_13_2,11_4,0,0,0,0,0,0,0,0,0,0,0,17_76800,0,0,0,0
14,8,,11111,0,19200,128000,384000,38400,0,38400,1280,14_3_1,bi_14,1_13_2,11_4,0,0,0,0,0,0,0,0,0,0,0,17_153600,0,0,0,0
14,9,,11111,0,38400,256000,768000,76800,0,76800,2560,14_3_1,bi_14,1_13_2,11_4,0,0,0,0,0,0,0,0,0,0,0,17_307200,0,0,0,0
14,10,,11111,0,76800,512000,1536000,153600,0,153600,5120,14_4_1,bi_14,1_13_2,11_4,8_401_1,0,0,0,0,0,0,0,0,0,0,17_614400,0,0,0,0
15,1,,11111,0,0,1000,600,1200,0,180,6,15_1_1,bi_15,1_4_3,11_3,0,0,0,0,0,0,0,16_15,0,0,0,17_720,0,0,0,0
15,2,,11111,0,250,2000,1200,2400,0,360,12,15_1_1,bi_15,1_4_3,0,0,0,0,0,0,0,0,16_20,0,0,0,17_1440,0,0,0,0
15,3,,11111,0,500,4000,2400,4800,0,720,24,15_1_1,bi_15,1_4_3,0,0,0,0,0,0,0,0,16_25,0,0,0,17_2880,0,0,0,0
15,4,,11111,0,1000,8000,4800,9600,0,1440,48,15_2_1,bi_15,1_4_3,0,0,0,0,0,0,0,0,16_30,0,0,0,17_5760,0,0,0,0
15,5,,11111,0,2000,16000,9600,19200,0,2880,96,15_2_1,bi_15,1_4_3,0,0,0,0,0,0,0,0,16_35,0,0,0,17_11520,0,0,0,0
15,6,,11111,0,4000,32000,19200,38400,0,5760,192,15_2_1,bi_15,1_4_3,0,0,0,0,0,0,0,0,16_40,0,0,0,17_23040,0,0,0,0
15,7,,11111,0,8000,64000,38400,76800,0,11520,384,15_3_1,bi_15,1_4_3,0,0,0,0,0,0,0,0,16_45,0,0,0,17_46080,0,0,0,0
15,8,,11111,0,16000,128000,76800,153600,0,23040,768,15_3_1,bi_15,1_4_3,0,0,0,0,0,0,0,0,16_50,0,0,0,17_92160,0,0,0,0
15,9,,11111,0,32000,256000,153600,307200,0,46080,1536,15_3_1,bi_15,1_4_3,0,0,0,0,0,0,0,0,16_55,0,0,0,17_184320,0,0,0,0
15,10,,11111,0,64000,512000,307200,614400,0,92160,3072,15_4_1,bi_15,0,0,8_401_1,0,0,0,0,0,0,16_60,0,0,0,17_368640,0,0,0,0
16,1,,11111,0,150,1500,500,1500,0,540,18,16_1_1,bi_16,11_4,0,0,0,0,0,0,0,0,0,0,0,0,17_2160,0,0,0,0
16,2,,11111,0,300,3000,1000,3000,0,1080,36,16_1_1,bi_16,11_4,0,0,0,0,0,0,0,0,0,0,0,0,17_4320,0,0,0,0
16,3,,11111,0,600,6000,2000,6000,0,2160,72,16_1_1,bi_16,11_4,0,0,0,0,0,0,0,0,0,0,0,0,17_8640,0,0,0,0
16,4,,11111,0,1200,12000,4000,12000,0,4320,144,16_2_1,bi_16,11_4,0,0,0,0,0,0,0,0,0,0,0,0,17_17280,0,0,0,0
16,5,,11111,0,2400,24000,8000,24000,0,8640,288,16_2_1,bi_16,11_4,0,0,0,0,0,0,0,0,0,0,0,0,17_34560,0,0,0,0
16,6,,11111,0,4800,48000,16000,48000,0,17280,576,16_2_1,bi_16,11_4,0,0,0,0,0,0,0,0,0,0,0,0,17_69120,0,0,0,0
16,7,,11111,0,9600,96000,32000,96000,0,34560,1152,16_3_1,bi_16,11_4,0,0,0,0,0,0,0,0,0,0,0,0,17_138240,0,0,0,0
16,8,,11111,0,19200,192000,64000,192000,0,69120,2304,16_3_1,bi_16,11_4,0,0,0,0,0,0,0,0,0,0,0,0,17_276480,0,0,0,0
16,9,,11111,0,38400,384000,128000,384000,0,138240,4608,16_3_1,bi_16,11_4,0,0,0,0,0,0,0,0,0,0,0,0,17_552960,0,0,0,0
16,10,,11111,0,76800,768000,256000,768000,0,276480,9216,16_4_1,bi_16,11_4,8_401_1,0,0,0,0,0,0,0,0,0,0,0,17_1105920,0,0,0,0
17,1,,11111,0,1200,2000,800,1000,0,270,9,17_1_1,bi_17,1_1_5,11_5,0,0,0,0,0,0,0,0,0,0,0,17_1080,0,0,0,0
17,2,,11111,0,2400,4000,1600,2000,0,540,18,17_1_1,bi_17,1_1_5,11_5,0,0,0,0,0,0,0,0,0,0,0,17_2160,0,0,0,0
17,3,,11111,0,4800,8000,3200,4000,0,1080,36,17_1_1,bi_17,1_1_5,11_5,0,0,0,0,0,0,0,0,0,0,0,17_4320,0,0,0,0
17,4,,11111,0,9600,16000,6400,8000,0,2160,72,17_1_1,bi_17,1_1_5,11_5,0,0,0,0,0,0,0,0,0,0,0,17_8640,0,0,0,0
17,5,,11111,0,19200,32000,12800,16000,0,4320,144,17_1_1,bi_17,1_1_5,11_5,0,0,0,0,0,0,0,0,0,0,0,17_17280,0,0,0,0
17,6,,11111,0,38400,64000,25600,32000,0,8640,288,17_2_1,bi_17,1_1_5,11_5,0,0,0,0,0,0,0,0,0,0,0,17_34560,0,0,0,0
17,7,,11111,0,76800,128000,51200,64000,0,17280,576,17_2_1,bi_17,1_1_5,11_5,0,0,0,0,0,0,0,0,0,0,0,17_69120,0,0,0,0
17,8,,11111,0,153600,256000,102400,128000,0,34560,1152,17_2_1,bi_17,1_1_5,11_5,0,0,0,0,0,0,0,0,0,0,0,17_138240,0,0,0,0
17,9,,11111,0,307200,512000,204800,256000,0,69120,2304,17_2_1,bi_17,1_1_5,11_5,0,0,0,0,0,0,0,0,0,0,0,17_276480,0,0,0,0
17,10,,11111,0,614400,1024000,409600,512000,0,138240,4608,17_3_1,bi_17,1_1_5,11_5,8_401_1,0,0,0,0,0,0,0,0,0,0,17_552960,0,0,0,0
18,1,,11111,0,1500,5000,4500,500,0,720,24,18_1_1,bi_18,1_17_1,11_5,2_12_1,0,0,0,0,0,0,0,0,0,0,17_2880,0,0,0,0
18,2,,11111,0,3000,10000,9000,1000,0,1440,48,18_1_1,bi_18,1_17_1,11_5,2_12_2,0,0,0,0,0,0,0,0,0,0,17_5760,0,0,0,0
18,3,,11111,0,6000,20000,18000,2000,0,2880,96,18_1_1,bi_18,1_17_1,11_5,2_12_3,0,0,0,0,0,0,0,0,0,0,17_11520,0,0,0,0
18,4,,11111,0,12000,40000,36000,4000,0,5760,192,18_1_1,bi_18,1_17_1,11_5,2_12_4,0,0,0,0,0,0,0,0,0,0,17_23040,0,0,0,0
18,5,,11111,0,24000,80000,72000,8000,0,11520,384,18_1_1,bi_18,1_17_1,11_5,2_12_5,0,0,0,0,0,0,0,0,0,0,17_46080,0,0,0,0
18,6,,11111,0,48000,160000,144000,16000,0,23040,768,18_2_1,bi_18,1_17_1,11_5,2_12_6,0,0,0,0,0,0,0,0,0,0,17_92160,0,0,0,0
18,7,,11111,0,96000,320000,288000,32000,0,46080,1536,18_2_1,bi_18,1_17_1,11_5,2_12_7,0,0,0,0,0,0,0,0,0,0,17_184320,0,0,0,0
18,8,,11111,0,192000,640000,576000,64000,0,92160,3072,18_2_1,bi_18,1_17_1,11_5,2_12_8,0,0,0,0,0,0,0,0,0,0,17_368640,0,0,0,0
18,9,,11111,0,384000,1280000,1152000,128000,0,184320,6144,18_2_1,bi_18,1_17_1,11_5,2_12_9,0,0,0,0,0,0,0,0,0,0,17_737280,0,0,0,0
18,10,,11111,0,768000,2560000,2304000,256000,0,368640,12288,18_3_1,bi_18,1_17_1,11_5,2_12_10,8_401_1,0,0,0,0,0,0,0,0,0,17_1474560,0,0,0,0
19,1,,11111,0,3000,1500,10000,500,0,900,30,19_1_1,bi_19,0,1_3_2,11_4,0,0,0,0,0,0,6_1_400,7_1,6_2_200,6_3_200,17_3600,0,0,0,0
19,2,,11111,0,6000,3000,20000,1000,0,1800,60,19_1_1,bi_19,1_16_1,1_3_2,11_4,0,0,0,0,0,0,6_1_800,7_2,6_2_400,6_3_400,17_7200,0,0,0,0
19,3,,11111,0,12000,6000,40000,2000,0,3600,120,19_1_1,bi_19,1_16_2,1_3_2,11_4,0,0,0,0,0,0,6_1_1600,7_3,6_2_800,6_3_800,17_14400,0,0,0,0
19,4,,11111,0,24000,12000,80000,4000,0,7200,240,19_2_1,bi_19,1_16_3,1_3_2,11_4,0,0,0,0,0,0,6_1_3200,7_4,6_2_1600,6_3_1600,17_28800,0,0,0,0
19,5,,11111,0,48000,24000,160000,8000,0,14400,480,19_2_1,bi_19,1_16_4,1_3_2,11_4,0,0,0,0,0,0,6_1_6400,7_5,6_2_3200,6_3_3200,17_57600,0,0,0,0
19,6,,11111,0,96000,48000,320000,16000,0,28800,960,19_2_1,bi_19,1_16_5,1_3_2,11_4,0,0,0,0,0,0,6_1_12800,7_6,6_2_6400,6_3_6400,17_115200,0,0,0,0
19,7,,11111,0,192000,96000,640000,32000,0,57600,1920,19_3_1,bi_19,1_16_6,1_3_2,11_4,0,0,0,0,0,0,6_1_25600,7_7,6_2_12800,6_3_12800,17_230400,0,0,0,0
19,8,,11111,0,384000,192000,1280000,64000,0,115200,3840,19_3_1,bi_19,1_16_7,1_3_2,11_4,0,0,0,0,0,0,6_1_51200,7_8,6_2_25600,6_3_25600,17_460800,0,0,0,0
19,9,,11111,0,768000,384000,2560000,128000,0,230400,7680,19_3_1,bi_19,1_16_8,1_3_2,11_4,0,0,0,0,0,0,6_1_102400,7_9,6_2_51200,6_3_51200,17_921600,0,0,0,0
19,10,19_p1,11111,0,1536000,768000,5120000,256000,0,460800,15360,19_4_1,bi_19,1_16_9,1_3_2,11_4,8_401_1,0,0,0,0,0,6_1_204800,7_10,6_2_102400,6_3_102400,17_1843200,0,0,0,0
19,11,,11111,0,0,0,0,0,0,0,0,19_5_1,bi_19_p1,1_16_10,1_3_12,8_4005_2,0,0,0,0,0,0,6_1_205100,7_10,6_2_102600,6_3_102600,17_0,0,0,0,0
19,12,,11111,0,9000,4500,30000,1500,0,3600,30,19_5_1,bi_19_p1,1_16_10,1_3_12,8_4005_10,0,0,0,0,0,0,6_1_205700,7_10,6_2_103000,6_3_103000,17_14400,0,0,0,0
19,13,,11111,0,18000,9000,60000,3000,0,7200,60,19_5_1,bi_19_p1,1_16_10,1_3_12,8_4005_50,0,0,0,0,0,0,6_1_206600,7_10,6_2_103600,6_3_103600,17_28800,0,0,0,0
19,14,,11111,0,36000,18000,120000,6000,0,14400,120,19_5_1,bi_19_p1,1_16_10,1_3_12,8_4005_250,0,0,0,0,0,0,6_1_207800,7_10,6_2_104400,6_3_104400,17_57600,0,0,0,0
19,15,,11111,0,72000,36000,240000,12000,0,28800,240,19_5_1,bi_19_p1,1_16_10,1_3_12,8_4006_10,0,0,0,0,0,0,6_1_209300,7_10,6_2_105400,6_3_105400,17_115200,0,0,0,0
19,16,,11111,0,144000,72000,480000,24000,0,57600,480,19_5_1,bi_19_p1,1_16_10,1_3_12,8_4006_50,0,0,0,0,0,0,6_1_211100,7_10,6_2_106600,6_3_106600,17_230400,0,0,0,0
19,17,,11111,0,288000,144000,960000,48000,0,115200,960,19_5_1,bi_19_p1,1_16_10,1_3_12,8_4006_250,0,0,0,0,0,0,6_1_213200,7_10,6_2_108000,6_3_108000,17_460800,0,0,0,0
19,18,,11111,0,576000,288000,1920000,96000,0,230400,1920,19_5_1,bi_19_p1,1_16_10,1_3_12,8_4007_10,0,0,0,0,0,0,6_1_215600,7_10,6_2_109600,6_3_109600,17_921600,0,0,0,0
19,19,,11111,0,1152000,576000,3840000,192000,0,460800,3840,19_5_1,bi_19_p1,1_16_10,1_3_12,8_4007_50,0,0,0,0,0,0,6_1_218300,7_10,6_2_111400,6_3_111400,17_1843200,0,0,0,0
19,20,,11111,0,2304000,1152000,7680000,384000,0,921600,7680,19_5_1,bi_19_p1,1_16_10,1_3_12,8_4007_250,0,0,0,0,0,0,6_1_221300,7_10,6_2_113400,6_3_113400,17_3686400,0,0,0,0
19,21,,11111,0,4608000,2304000,15360000,768000,0,1843200,15360,19_5_1,bi_19_p1,1_16_10,1_3_12,8_402_1,0,0,0,0,0,0,6_1_224600,7_10,6_2_115600,6_3_115600,17_7372800,0,0,0,0
20,1,,10000,0,400,2000,3000,500,0,2250,75,20_1_1,bi_20,11_7,0,0,0,0,0,0,0,0,0,0,0,0,17_9000,0,0,0,0
20,2,,10000,0,800,4000,6000,1000,0,4500,150,20_1_1,bi_20,11_7,0,0,0,0,0,0,0,0,0,0,0,0,17_18000,0,0,0,0
20,3,,10000,0,1600,8000,12000,2000,0,9000,300,20_1_1,bi_20,11_7,0,0,0,0,0,0,0,0,0,0,0,0,17_36000,0,0,0,0
20,4,,10000,0,3200,16000,24000,4000,0,18000,600,20_1_1,bi_20,11_7,0,0,0,0,0,0,0,0,0,0,0,0,17_72000,0,0,0,0
20,5,,10000,0,6400,32000,48000,8000,0,36000,1200,20_1_1,bi_20,11_7,0,0,0,0,0,0,0,0,0,0,0,0,17_144000,0,0,0,0
20,6,,10000,0,12800,64000,96000,16000,0,72000,2400,20_2_1,bi_20,11_7,0,0,0,0,0,0,0,0,0,0,0,0,17_288000,0,0,0,0
20,7,,10000,0,25600,128000,192000,32000,0,144000,4800,20_2_1,bi_20,11_7,0,0,0,0,0,0,0,0,0,0,0,0,17_576000,0,0,0,0
20,8,,10000,0,51200,256000,384000,64000,0,288000,9600,20_2_1,bi_20,11_7,0,0,0,0,0,0,0,0,0,0,0,0,17_1152000,0,0,0,0
20,9,,10000,0,102400,512000,768000,128000,0,576000,19200,20_2_1,bi_20,11_7,0,0,0,0,0,0,0,0,0,0,0,0,17_2304000,0,0,0,0
20,10,,10000,0,204800,1024000,1536000,256000,0,1152000,38400,20_3_1,bi_20,11_7,8_401_1,0,0,0,0,0,0,0,0,0,0,0,17_4608000,0,0,0,0
22,1,,11111,0,100,500,100,50,0,5,1,22_1_1,bi_22,1_0_1,0,0,0,0,0,0,0,0,18_3000,19_6000,0,0,17_135,0,0,0,0
22,2,,11111,0,200,1000,200,100,0,30,2,22_1_1,bi_22,1_0_2,0,0,0,0,0,0,0,0,18_4500,19_9000,0,0,17_810,0,0,0,0
22,3,,11111,0,400,2000,400,200,0,120,4,22_1_1,bi_22,1_0_2,0,0,0,0,0,0,0,0,18_7500,19_15000,0,0,17_3240,0,0,0,0
22,4,,11111,0,800,4000,800,400,0,240,8,22_2_1,bi_22,1_0_2,0,0,0,0,0,0,0,0,18_12000,19_24000,0,0,17_6480,0,0,0,0
22,5,,11111,0,1600,8000,1600,800,0,480,16,22_2_1,bi_22,1_0_5,0,0,0,0,0,0,0,0,18_18000,19_36000,0,0,17_12960,0,0,0,0
22,6,,11111,0,3200,16000,3200,1600,0,960,32,22_2_1,bi_22,1_0_5,0,0,0,0,0,0,0,0,18_25500,19_51000,0,0,17_25920,0,0,0,0
22,7,,11111,0,6400,32000,6400,3200,0,1920,64,22_3_1,bi_22,1_0_5,0,0,0,0,0,0,0,0,18_34500,19_69000,0,0,17_51840,0,0,0,0
22,8,,11111,0,12800,64000,12800,6400,0,3840,128,22_3_1,bi_22,1_0_5,0,0,0,0,0,0,0,0,18_45000,19_90000,0,0,17_103680,0,0,0,0
22,9,,11111,0,25600,128000,25600,12800,0,7680,256,22_3_1,bi_22,1_0_9,0,0,0,0,0,0,0,0,18_57000,19_114000,0,0,17_207360,0,0,0,0
22,10,,11111,0,51200,256000,51200,25600,0,15360,512,22_4_1,bi_22,1_0_9,8_401_1,0,0,0,0,0,0,0,18_85500,19_171000,0,0,17_414720,0,0,0,0
